{
  "current": "Home",
  "presets": {
    "Home": {
      "background-color": "#ffffff",
      "header-background-color": "#ffffff",
      "header-search-background-color": "#FAF7F6",
      "footer-background-color": "#2C211B",
      "contrast-background-color": "#FAF7F6",
      "body-text-color": "#988980",
      "accent-color": "#FF5555",
      "accent-hover-color": "#de3838",
      "logo-color": "#55453C",
      "heading-color": "#68574D",
      "meta-color": "#b7aba3",
      "error-color": "#B84949",
      "border-color": "#EDE7E4",
      "primary-button-color": "#ffffff",
      "secondary-button-background": "#C6B9B1",
      "secondary-button-color": "#ffffff",
      "secondary-button-background-hover": "#9e918a",
      "disabled-button-background": "#F0F0F0",
      "disabled-button-color": "#B3B3B3",
      "table-alternating-background-mobile": "#fafafa",
      "table-header-background": "#FAF7F6",
      "table-header-color": "#988980",
      "form-select-background": "#ede7e4",
      "form-select-color": "#988980",
      "form-select-border-color": "#ede7e4",
      "header-action-icons-color": "#C6B9B1",
      "header-action-icons-color-hover": "#a1958d",
      "header-search-text-color": "#C6B9B1",
      "header-navigation-color": "#988980",
      "header-navigation-color-hover": "#7d6f66",
      "header-navigation-dropdown-background-color": "#68574D",
      "header-navigation-dropdown-border-color": "#68574D",
      "header-navigation-dropdown-color": "#ffffff",
      "header-navigation-dropdown-color-hover": "#ffffff",
      "footer-header-color": "#ffffff",
      "footer-accent-color": "#988980",
      "footer-accent-color-hover": "#b8a69a",
      "footer-share-text-color": "#2C211B",
      "home-hero-background-color": "#ffffff",
      "slide-text-color": "#68574d",
      "contrast-text-color": "#988980",
      "contrast-accent-color": "#68574d",
      "contrast-accent-hover-color": "#967f70",
      "contrast-heading-color": "#68574D",
      "contrast-meta-color": "#c9beb7",
      "contrast-border-color": "#DCD5D1",
      "contrast-error-color": "#b84949",
      "contrast-primary-button-color": "#ffffff",
      "contrast-disabled-button-background": "#F1F1F1",
      "contrast-disabled-button-color": "#b2b2b2",
      "contrast-form-text-input-background": "#ede7e4",
      "contrast-form-text-input-color": "#988980",
      "contrast-form-text-input-border-color": "#ede7e4",
      "contrast-form-select-background": "#EDE7E4",
      "contrast-form-select-color": "#988980",
      "contrast-form-select-border-color": "#EDE7E4",
      "body-font": "Roboto, sans-serif",
      "logo-font": "Bitter, serif",
      "logo-font-weight": "700",
      "heading-font": "Bitter, serif",
      "heading-font-weight": "700",
      "section-heading-font": "Bitter, serif",
      "section-heading-font-weight": "700",
      "meta-font": "Roboto, sans-serif",
      "meta-font-weight": "400",
      "primary-button-font": "Roboto, sans-serif",
      "primary-button-font-weight": "700",
      "logo-font-small-caps": true,
      "heading-font-small-caps": false,
      "section-heading-font-small-caps": true,
      "meta-font-small-caps": true,
      "primary-button-font-small-caps": true,
      "header-sticky": false,
      "header-show-cart": true,
      "header-show-search": true,
      "header-navigation-location": "drawer",
      "header-show-breadcrumbs": false,
      "footer-show-headers": false,
      "footer-sharing-header": "",
      "footer-link-list-1": "footer",
      "footer-show-sharing": true,
      "footer-show-tweet": true,
      "footer-show-like": true,
      "footer-show-pin": true,
      "footer-show-plus": true,
      "footer-show-fancy": true,
      "footer-show-payment-options": false,
      "home-show-hero": true,
      "home-sections-order": "A-B-C-D",
      "home-show-full-width-1": true,
      "home-full-width-1-style": "contrast",
      "home-full-width-1-title": "",
      "home-full-width-1-text": "",
      "home-full-width-1-media": "none",
      "home-full-width-1-video": "",
      "home-full-width-1-cta": "",
      "home-full-width-1-url": "",
      "home-in-line-style": "contrast",
      "home-testimonial-heading": "",
      "home-order-now-title": "",
      "home-order-now-product": "",
      "home-order-now-description": "",
      "home-order-now-enable-express": true,
      "home-featured-products-title": "",
      "home-featured-products-cta": "",
      "home-featured-products-url": "\/collections\/all",
      "home-featured-products-collection": "",
      "home-featured-products-per-row": "3",
      "home-as-seen-on-heading": "",
      "home-as-seen-on-per-row": "4",
      "collections-show-description": true,
      "collections-per-page": "10",
      "collection-products-per-page": "12",
      "collection-show-featured-image": false,
      "collection-show-description": true,
      "collection-enable-tag-filtering": true,
      "product-display-vendor": false,
      "product-show-share-buttons": true,
      "product-show-related": false,
      "product-show-info-link-1": false,
      "product-show-info-link-2": false,
      "product-enable-zoom": true,
      "product-slideshow-layout": "full-width",
      "product-slideshow-transition": "transition-fade",
      "product-slideshow-color": "#ffffff",
      "show-product-slideshow-navigation": true,
      "show-product-slideshow-pagination": false,
      "product-slideshow-autoplay": false,
      "product-slideshow-autoplay-delay": "4",
      "product-header-bleed-colors": "default",
      "product-bleed-use-logo": false,
      "product-bleed-use-logo-retina": false,
      "product-stock-level-overlay": false,
      "product-stock-level-overlay-threshold": "5",
      "blog-show-rss-icon": true,
      "articles-per-page": "5",
      "blog-show-tags": true,
      "blog-show-author": false,
      "blog-show-comment-count": false,
      "blog-show-share-buttons": true,
      "post-show-share-buttons": true,
      "cart-show-special-instructions": true,
      "shipping_calculator_default_country": "United States",
      "home-hero-background-style": "color",
      "mailing-list-modal-title": "",
      "mailing-list-modal-description": "",
      "mailing-list-modal-button-text": ""
    },
    "Tech": {
      "background-color": "#ffffff",
      "header-background-color": "#ffffff",
      "header-search-background-color": "#f7f8f8",
      "header-navigation-dropdown-border-color": "#f09ea1",
      "footer-background-color": "#272B32",
      "contrast-background-color": "#E05E60",
      "body-text-color": "#51595D",
      "accent-color": "#2FC496",
      "accent-hover-color": "#24ab83",
      "logo-color": "#2e3438",
      "heading-color": "#E05E60",
      "meta-color": "#a0a2a3",
      "error-color": "#b84949",
      "border-color": "#D7DCDE",
      "primary-button-color": "#ffffff",
      "secondary-button-background": "#9dcfc0",
      "secondary-button-color": "#ffffff",
      "secondary-button-background-hover": "#64a692",
      "disabled-button-background": "#ebeff0",
      "disabled-button-color": "#c4cacc",
      "table-alternating-background-mobile": "#f4f5f5",
      "table-header-background": "#ffffff",
      "table-header-color": "#e05e60",
      "form-select-background": "#F4F5F5",
      "form-select-color": "#51595D",
      "form-select-border-color": "#D7DCDE",
      "header-action-icons-color": "#E05E60",
      "header-action-icons-color-hover": "#f09ea1",
      "header-search-text-color": "#51595d",
      "header-navigation-color": "#e05e60",
      "header-navigation-color-hover": "#f09ea1",
      "header-navigation-dropdown-background-color": "#f09ea1",
      "header-navigation-dropdown-color": "#ffffff",
      "header-navigation-dropdown-color-hover": "#ffffff",
      "footer-header-color": "#ffffff",
      "footer-accent-color": "#2CBB84",
      "footer-accent-color-hover": "#1A895F",
      "footer-share-text-color": "#272B32",
      "home-hero-background-color": "#ffffff",
      "slide-text-color": "#2e3438",
      "contrast-text-color": "#F5F6F6",
      "contrast-accent-color": "#ffc1bf",
      "contrast-accent-hover-color": "#ffdcdb",
      "contrast-heading-color": "#F5F6F6",
      "contrast-meta-color": "#ffeceb",
      "contrast-border-color": "#e05e60",
      "contrast-error-color": "#ffffff",
      "contrast-primary-button-color": "#ffffff",
      "contrast-disabled-button-background": "#ffcac7",
      "contrast-disabled-button-color": "#ffffff",
      "contrast-form-text-input-background": "#cc5352",
      "contrast-form-text-input-color": "#ffffff",
      "contrast-form-text-input-border-color": "#cc5352",
      "contrast-form-select-background": "#cc5352",
      "contrast-form-select-color": "#ffcccc",
      "contrast-form-select-border-color": "#cc5352",
      "body-font": "'Open Sans', sans-serif",
      "logo-font": "'Open Sans', sans-serif",
      "logo-font-weight": "700",
      "heading-font": "'Open Sans', sans-serif",
      "heading-font-weight": "700",
      "section-heading-font": "'Open Sans', sans-serif",
      "section-heading-font-weight": "700",
      "meta-font": "'Open Sans', sans-serif",
      "meta-font-weight": "400",
      "primary-button-font": "Roboto, sans-serif",
      "primary-button-font-weight": "700",
      "logo-font-small-caps": false,
      "heading-font-small-caps": false,
      "section-heading-font-small-caps": false,
      "meta-font-small-caps": false,
      "primary-button-font-small-caps": true,
      "header-sticky": false,
      "header-show-cart": true,
      "header-show-search": true,
      "header-navigation-location": "drawer",
      "header-show-breadcrumbs": false,
      "footer-show-headers": false,
      "footer-sharing-header": "",
      "footer-link-list-1": "footer",
      "footer-show-sharing": true,
      "footer-show-tweet": true,
      "footer-show-like": true,
      "footer-show-pin": true,
      "footer-show-plus": true,
      "footer-show-fancy": true,
      "footer-show-payment-options": false,
      "home-show-hero": true,
      "home-sections-order": "A-B-C-D",
      "home-show-full-width-1": true,
      "home-full-width-1-style": "contrast",
      "home-full-width-1-title": "",
      "home-full-width-1-text": "",
      "home-full-width-1-media": "none",
      "home-full-width-1-video": "",
      "home-full-width-1-cta": "",
      "home-full-width-1-url": "",
      "home-in-line-style": "contrast",
      "home-testimonial-heading": "",
      "home-order-now-title": "",
      "home-order-now-product": "",
      "home-order-now-description": "",
      "home-order-now-enable-express": true,
      "home-featured-products-title": "",
      "home-featured-products-cta": "",
      "home-featured-products-url": "\/collections\/all",
      "home-featured-products-collection": "",
      "home-featured-products-per-row": "3",
      "home-as-seen-on-heading": "",
      "home-as-seen-on-per-row": "4",
      "collections-show-description": true,
      "collections-per-page": "10",
      "collection-products-per-page": "12",
      "collection-show-featured-image": false,
      "collection-show-description": true,
      "collection-enable-tag-filtering": true,
      "product-display-vendor": false,
      "product-show-share-buttons": true,
      "product-show-related": false,
      "product-show-info-link-1": false,
      "product-show-info-link-2": false,
      "product-enable-zoom": true,
      "product-slideshow-layout": "full-width",
      "product-slideshow-transition": "transition-fade",
      "product-slideshow-color": "#ffffff",
      "show-product-slideshow-navigation": true,
      "show-product-slideshow-pagination": false,
      "product-slideshow-autoplay": false,
      "product-slideshow-autoplay-delay": "4",
      "product-header-bleed-colors": "default",
      "product-bleed-use-logo": false,
      "product-bleed-use-logo-retina": false,
      "product-stock-level-overlay": false,
      "product-stock-level-overlay-threshold": "5",
      "blog-show-rss-icon": true,
      "articles-per-page": "5",
      "blog-show-tags": true,
      "blog-show-author": false,
      "blog-show-comment-count": false,
      "blog-show-share-buttons": true,
      "post-show-share-buttons": true,
      "cart-show-special-instructions": true,
      "shipping_calculator_default_country": "United States",
      "home-hero-background-style": "color",
      "mailing-list-modal-title": "",
      "mailing-list-modal-description": "",
      "mailing-list-modal-button-text": ""
    },
    "Cloth": {
      "background-color": "#ffffff",
      "header-background-color": "#ffffff",
      "header-search-background-color": "#f4f5f5",
      "footer-background-color": "#729BB4",
      "contrast-background-color": "#2E3438",
      "body-text-color": "#838B8F",
      "accent-color": "#729BB4",
      "accent-hover-color": "#446e8a",
      "logo-color": "#2E3438",
      "heading-color": "#2E3438",
      "meta-color": "#838b8f",
      "error-color": "#b8474f",
      "border-color": "#EDF0F2",
      "primary-button-color": "#ffffff",
      "secondary-button-background": "#f4f5f5",
      "secondary-button-color": "#b6bbbe",
      "secondary-button-background-hover": "#e6ebeb",
      "disabled-button-background": "#e6ebeb",
      "disabled-button-color": "#bcc2c2",
      "table-alternating-background-mobile": "#f4f5f5",
      "table-header-background": "#ffffff",
      "table-header-color": "#2e3438",
      "form-select-background": "#F4F5F5",
      "form-select-color": "#838B8F",
      "form-select-border-color": "#D7DCDE",
      "header-action-icons-color": "#729BB4",
      "header-action-icons-color-hover": "#446e8a",
      "header-search-text-color": "#838b8f",
      "header-navigation-color": "#729bb4",
      "header-navigation-color-hover": "#446e8a",
      "header-navigation-dropdown-background-color": "#ffffff",
      "header-navigation-dropdown-border-color": "#ffffff",
      "header-navigation-dropdown-color": "#729bb4",
      "header-navigation-dropdown-color-hover": "#59839e",
      "footer-header-color": "#ffffff",
      "footer-accent-color": "#ffffff",
      "footer-accent-color-hover": "#ffffff",
      "footer-share-text-color": "#729BB4",
      "home-hero-background-color": "#ffffff",
      "slide-text-color": "#2E3438",
      "contrast-text-color": "#FFFFFF",
      "contrast-accent-color": "#729BB4",
      "contrast-accent-hover-color": "#99bacf",
      "contrast-heading-color": "#ffffff",
      "contrast-meta-color": "#c7d7e3",
      "contrast-border-color": "#2e3438",
      "contrast-error-color": "#ffffff",
      "contrast-primary-button-color": "#23272A",
      "contrast-disabled-button-background": "#838b8f",
      "contrast-disabled-button-color": "#aeb9bf",
      "contrast-form-text-input-background": "#51595d",
      "contrast-form-text-input-color": "#23272a",
      "contrast-form-text-input-border-color": "#51595d",
      "contrast-form-select-background": "#899499",
      "contrast-form-select-color": "#23272a",
      "contrast-form-select-border-color": "#899499",
      "body-font": "'Open Sans', sans-serif",
      "logo-font": "'Open Sans', sans-serif",
      "logo-font-weight": "700",
      "heading-font": "Volkhov, serif",
      "heading-font-weight": "700",
      "section-heading-font": "Volkhov, serif",
      "section-heading-font-weight": "400",
      "meta-font": "'Open Sans', sans-serif",
      "meta-font-weight": "400",
      "primary-button-font": "Volkhov, serif",
      "primary-button-font-weight": "700",
      "logo-font-small-caps": true,
      "heading-font-small-caps": false,
      "section-heading-font-small-caps": true,
      "meta-font-small-caps": true,
      "primary-button-font-small-caps": true,
      "header-sticky": false,
      "header-show-cart": true,
      "header-show-search": true,
      "header-navigation-location": "drawer",
      "header-show-breadcrumbs": false,
      "footer-show-headers": false,
      "footer-sharing-header": "",
      "footer-link-list-1": "footer",
      "footer-show-sharing": true,
      "footer-show-tweet": true,
      "footer-show-like": true,
      "footer-show-pin": true,
      "footer-show-plus": true,
      "footer-show-fancy": true,
      "footer-show-payment-options": false,
      "home-show-hero": true,
      "home-sections-order": "A-B-C-D",
      "home-show-full-width-1": true,
      "home-full-width-1-style": "contrast",
      "home-full-width-1-title": "",
      "home-full-width-1-text": "",
      "home-full-width-1-media": "none",
      "home-full-width-1-video": "",
      "home-full-width-1-cta": "",
      "home-full-width-1-url": "",
      "home-in-line-style": "contrast",
      "home-testimonial-heading": "",
      "home-order-now-title": "",
      "home-order-now-product": "",
      "home-order-now-description": "",
      "home-order-now-enable-express": true,
      "home-featured-products-title": "",
      "home-featured-products-cta": "",
      "home-featured-products-url": "\/collections\/all",
      "home-featured-products-collection": "",
      "home-featured-products-per-row": "3",
      "home-as-seen-on-heading": "",
      "home-as-seen-on-per-row": "4",
      "collections-show-description": true,
      "collections-per-page": "10",
      "collection-products-per-page": "12",
      "collection-show-featured-image": false,
      "collection-show-description": true,
      "collection-enable-tag-filtering": true,
      "product-display-vendor": false,
      "product-show-share-buttons": true,
      "product-show-related": false,
      "product-show-info-link-1": false,
      "product-show-info-link-2": false,
      "product-enable-zoom": true,
      "product-slideshow-layout": "full-width",
      "product-slideshow-transition": "transition-fade",
      "product-slideshow-color": "#ffffff",
      "show-product-slideshow-navigation": true,
      "show-product-slideshow-pagination": false,
      "product-slideshow-autoplay": false,
      "product-slideshow-autoplay-delay": "4",
      "product-header-bleed-colors": "default",
      "product-bleed-use-logo": false,
      "product-bleed-use-logo-retina": false,
      "product-stock-level-overlay": false,
      "product-stock-level-overlay-threshold": "5",
      "blog-show-rss-icon": true,
      "articles-per-page": "5",
      "blog-show-tags": true,
      "blog-show-author": false,
      "blog-show-comment-count": false,
      "blog-show-share-buttons": true,
      "post-show-share-buttons": true,
      "cart-show-special-instructions": true,
      "shipping_calculator_default_country": "United States",
      "home-hero-background-style": "color",
      "mailing-list-modal-title": "",
      "mailing-list-modal-description": "",
      "mailing-list-modal-button-text": ""
    },
    "Art": {
      "background-color": "#ffffff",
      "header-background-color": "#050D0E",
      "header-search-background-color": "#314245",
      "footer-background-color": "#050D0E",
      "contrast-background-color": "#6FC3C4",
      "body-text-color": "#060C0C",
      "accent-color": "#6fc3c4",
      "accent-hover-color": "#3da6a8",
      "logo-color": "#ffffff",
      "heading-color": "#060C0C",
      "meta-color": "#a0a2a3",
      "error-color": "#b84949",
      "border-color": "#e8eced",
      "primary-button-color": "#ffffff",
      "secondary-button-background": "050D0E",
      "secondary-button-color": "#ffffff",
      "secondary-button-background-hover": "224246",
      "disabled-button-background": "ADC2C2",
      "disabled-button-color": "#ffffff",
      "table-alternating-background-mobile": "#f4f5f5",
      "table-header-background": "#ffffff",
      "table-header-color": "#060c0c",
      "form-select-background": "#ffffff",
      "form-select-color": "#6a9898",
      "form-select-border-color": "#b8c8c8",
      "header-action-icons-color": "#ffffff",
      "header-action-icons-color-hover": "#ffffff",
      "header-search-text-color": "#ffffff",
      "header-navigation-color": "#ffffff",
      "header-navigation-color-hover": "#babfc0",
      "header-navigation-dropdown-background-color": "#050d0e",
      "header-navigation-dropdown-border-color": "#050d0e",
      "header-navigation-dropdown-color": "#ffffff",
      "header-navigation-dropdown-color-hover": "#babfc0",
      "footer-header-color": "#ffffff",
      "footer-accent-color": "#5FB8B7",
      "footer-accent-color-hover": "#93eded",
      "footer-share-text-color": "#ffffff",
      "home-hero-background-color": "#ffffff",
      "slide-text-color": "#060c0c",
      "contrast-text-color": "#ffffff",
      "contrast-accent-color": "#223e42",
      "contrast-accent-hover-color": "#0e1a1c",
      "contrast-heading-color": "#ffffff",
      "contrast-meta-color": "#d2fafa",
      "contrast-border-color": "#6fc3c4",
      "contrast-error-color": "#ffffff",
      "contrast-primary-button-color": "#ffffff",
      "contrast-disabled-button-background": "BDF4F5",
      "contrast-disabled-button-color": "BDF4F5",
      "contrast-form-text-input-background": "#ffffff",
      "contrast-form-text-input-color": "#5FB8B7",
      "contrast-form-text-input-border-color": "#ffffff",
      "contrast-form-select-background": "#ffffff",
      "contrast-form-select-color": "#5FB8B7",
      "contrast-form-select-border-color": "#ffffff",
      "body-font": "Montserrat, sans-serif",
      "logo-font": "Montserrat, sans-serif",
      "logo-font-weight": "700",
      "heading-font": "Montserrat, sans-serif",
      "heading-font-weight": "700",
      "section-heading-font": "Montserrat, sans-serif",
      "section-heading-font-weight": "700",
      "meta-font": "Montserrat, sans-serif",
      "meta-font-weight": "400",
      "primary-button-font": "Montserrat, sans-serif",
      "primary-button-font-weight": "700",
      "logo-font-small-caps": true,
      "heading-font-small-caps": false,
      "section-heading-font-small-caps": true,
      "meta-font-small-caps": true,
      "primary-button-font-small-caps": true,
      "header-sticky": false,
      "header-show-cart": true,
      "header-show-search": true,
      "header-navigation-location": "drawer",
      "header-show-breadcrumbs": false,
      "footer-show-headers": false,
      "footer-sharing-header": "",
      "footer-link-list-1": "footer",
      "footer-show-sharing": true,
      "footer-show-tweet": true,
      "footer-show-like": true,
      "footer-show-pin": true,
      "footer-show-plus": true,
      "footer-show-fancy": true,
      "footer-show-payment-options": false,
      "home-show-hero": true,
      "home-sections-order": "A-B-C-D",
      "home-show-full-width-1": true,
      "home-full-width-1-style": "contrast",
      "home-full-width-1-title": "",
      "home-full-width-1-text": "",
      "home-full-width-1-media": "none",
      "home-full-width-1-video": "",
      "home-full-width-1-cta": "",
      "home-full-width-1-url": "",
      "home-in-line-style": "contrast",
      "home-testimonial-heading": "",
      "home-order-now-title": "",
      "home-order-now-product": "",
      "home-order-now-description": "",
      "home-order-now-enable-express": true,
      "home-featured-products-title": "",
      "home-featured-products-cta": "",
      "home-featured-products-url": "\/collections\/all",
      "home-featured-products-collection": "",
      "home-featured-products-per-row": "3",
      "home-as-seen-on-heading": "",
      "home-as-seen-on-per-row": "4",
      "collections-show-description": true,
      "collections-per-page": "10",
      "collection-products-per-page": "12",
      "collection-show-featured-image": false,
      "collection-show-description": true,
      "collection-enable-tag-filtering": true,
      "product-display-vendor": false,
      "product-show-share-buttons": true,
      "product-show-related": false,
      "product-show-info-link-1": false,
      "product-show-info-link-2": false,
      "product-enable-zoom": true,
      "product-slideshow-layout": "full-width",
      "product-slideshow-transition": "transition-fade",
      "product-slideshow-color": "#ffffff",
      "show-product-slideshow-navigation": true,
      "show-product-slideshow-pagination": false,
      "product-slideshow-autoplay": false,
      "product-slideshow-autoplay-delay": "4",
      "product-header-bleed-colors": "default",
      "product-bleed-use-logo": false,
      "product-bleed-use-logo-retina": false,
      "product-stock-level-overlay": false,
      "product-stock-level-overlay-threshold": "5",
      "blog-show-rss-icon": true,
      "articles-per-page": "5",
      "blog-show-tags": true,
      "blog-show-author": false,
      "blog-show-comment-count": false,
      "blog-show-share-buttons": true,
      "post-show-share-buttons": true,
      "cart-show-special-instructions": true,
      "shipping_calculator_default_country": "United States",
      "home-hero-background-style": "color",
      "mailing-list-modal-title": "",
      "mailing-list-modal-description": "",
      "mailing-list-modal-button-text": ""
    }
  }
}